ds;y
2014-01-01;121
2014-01-02;193
2014-01-03;508
2014-01-04;724
2014-01-05;608
2014-01-06;946
2014-01-07;400
2014-01-08;1168
2014-01-09;12727
2014-01-10;14653
2014-01-11;1933
2014-01-12;1383
2014-01-13;18387
2014-01-14;18568
2014-01-15;16934
2014-01-16;12428
2014-01-17;11564
2014-01-18;1405
2014-01-19;855
2014-01-20;10143
2014-01-21;5149
2014-01-22;4678
2014-01-23;4126
2014-01-24;4064
2014-01-25;120
2014-01-26;108
2014-01-27;3886
2014-01-28;4047
2014-01-29;3809
2014-01-30;3685
2014-01-31;3184
2014-02-01;101
2014-02-02;95
2014-02-03;3171
2014-02-04;3511
2014-02-05;3695
2014-02-06;3835
2014-02-07;3545
2014-02-08;185
2014-02-09;123
2014-02-10;3733
2014-02-11;3721
2014-02-12;4025
2014-02-13;3857
2014-02-14;3373
2014-02-15;154
2014-02-16;103
2014-02-17;3368
2014-02-18;3337
2014-02-19;3173
2014-02-20;3202
2014-02-21;2550
2014-02-22;93
2014-02-23;33
2014-02-24;2889
2014-02-25;3123
2014-02-26;3444
2014-02-27;3298
2014-02-28;2990
2014-03-01;90
2014-03-02;82
2014-03-03;3302
2014-03-04;3432
2014-03-05;3630
2014-03-06;3467
2014-03-07;2389
2014-03-08;36
2014-03-09;45
2014-03-10;143
2014-03-11;3738
2014-03-12;4148
2014-03-13;4284
2014-03-14;3938
2014-03-15;179
2014-03-16;116
2014-03-17;4309
2014-03-18;4701
2014-03-19;5086
2014-03-20;5024
2014-03-21;5265
2014-03-22;253
2014-03-23;145
2014-03-24;5201
2014-03-25;5858
2014-03-26;6292
2014-03-27;6423
2014-03-28;6109
2014-03-29;379
2014-03-30;218
2014-03-31;5610
2014-04-01;5130
2014-04-02;5247
2014-04-03;5914
2014-04-04;5342
2014-04-05;210
2014-04-06;214
2014-04-07;6166
2014-04-08;6789
2014-04-09;7306
2014-04-10;7583
2014-04-11;8159
2014-04-12;601
2014-04-13;485
2014-04-14;9191
2014-04-15;9429
2014-04-16;8727
2014-04-17;9488
2014-04-18;10101
2014-04-19;767
2014-04-20;432
2014-04-21;8490
2014-04-22;3913
2014-04-23;3665
2014-04-24;3652
2014-04-25;3260
2014-04-26;103
2014-04-27;87
2014-04-28;3131
2014-04-29;2982
2014-04-30;2591
2014-05-01;39
2014-05-02;42
2014-05-03;26
2014-05-04;48
2014-05-05;2273
2014-05-06;2437
2014-05-07;2575
2014-05-08;2131
2014-05-09;24
2014-05-10;48
2014-05-11;39
2014-05-12;2484
2014-05-13;2777
2014-05-14;2927
2014-05-15;2560
2014-05-16;2219
2014-05-17;18
2014-05-18;24
2014-05-19;2225
2014-05-20;2310
2014-05-21;2396
2014-05-22;2371
2014-05-23;2178
2014-05-24;21
2014-05-25;22
2014-05-26;2319
2014-05-27;2562
2014-05-28;2607
2014-05-29;2469
2014-05-30;2630
2014-05-31;37
2014-06-01;38
2014-06-02;2365
2014-06-03;2442
2014-06-04;2749
2014-06-05;2751
2014-06-06;2501
2014-06-07;40
2014-06-08;38
2014-06-09;2697
2014-06-10;3041
2014-06-11;2496
2014-06-12;67
2014-06-13;39
2014-06-14;35
2014-06-15;43
2014-06-16;3067
2014-06-17;3208
2014-06-18;3470
2014-06-19;3602
2014-06-20;3318
2014-06-21;66
2014-06-22;69
2014-06-23;3769
2014-06-24;4079
2014-06-25;4384
2014-06-26;4382
2014-06-27;4424
2014-06-28;115
2014-06-29;116
2014-06-30;4778
2014-07-01;5735
2014-07-02;5605
2014-07-03;5855
2014-07-04;5225
2014-07-05;264
2014-07-06;221
2014-07-07;6128
2014-07-08;6901
2014-07-09;7554
2014-07-10;7434
2014-07-11;7175
2014-07-12;338
2014-07-13;391
2014-07-14;8473
2014-07-15;8236
2014-07-16;5949
2014-07-17;6172
2014-07-18;6104
2014-07-19;322
2014-07-20;268
2014-07-21;5896
2014-07-22;3511
2014-07-23;3382
2014-07-24;3390
2014-07-25;3088
2014-07-26;74
2014-07-27;45
2014-07-28;3122
2014-07-29;3209
2014-07-30;2900
2014-07-31;2874
2014-08-01;2426
2014-08-02;51
2014-08-03;51
2014-08-04;2748
2014-08-05;2979
2014-08-06;3109
2014-08-07;2990
2014-08-08;2578
2014-08-09;77
2014-08-10;59
2014-08-11;2894
2014-08-12;3233
2014-08-13;3022
2014-08-14;3336
2014-08-15;3037
2014-08-16;37
2014-08-17;45
2014-08-18;3203
2014-08-19;3046
2014-08-20;2931
2014-08-21;3140
2014-08-22;2578
2014-08-23;62
2014-08-24;185
2014-08-25;2839
2014-08-26;3105
2014-08-27;3005
2014-08-28;3195
2014-08-29;3057
2014-08-30;274
2014-08-31;74
2014-09-01;2934
2014-09-02;3308
2014-09-03;3398
2014-09-04;3404
2014-09-05;3009
2014-09-06;63
2014-09-07;105
2014-09-08;3090
2014-09-09;3577
2014-09-10;3924
2014-09-11;3677
2014-09-12;3437
2014-09-13;76
2014-09-14;153
2014-09-15;3890
2014-09-16;4444
2014-09-17;4489
2014-09-18;4393
2014-09-19;3881
2014-09-20;107
2014-09-21;75
2014-09-22;4683
2014-09-23;5074
2014-09-24;5460
2014-09-25;5249
2014-09-26;4873
2014-09-27;165
2014-09-28;120
2014-09-29;5810
2014-09-30;6601
2014-10-01;6646
2014-10-02;6876
2014-10-03;6367
2014-10-04;344
2014-10-05;280
2014-10-06;7597
2014-10-07;8669
2014-10-08;9100
2014-10-09;8853
2014-10-10;8446
2014-10-11;418
2014-10-12;372
2014-10-13;10364
2014-10-14;11084
2014-10-15;9884
2014-10-16;7538
2014-10-17;7783
2014-10-18;611
2014-10-19;582
2014-10-20;8572
2014-10-21;4346
2014-10-22;4559
2014-10-23;4975
2014-10-24;4358
2014-10-25;138
2014-10-26;179
2014-10-27;5465
2014-10-28;5248
2014-10-29;4426
2014-10-30;4288
2014-10-31;3466
2014-11-01;83
2014-11-02;68
2014-11-03;146
2014-11-04;174
2014-11-05;4431
2014-11-06;4593
2014-11-07;4146
2014-11-08;158
2014-11-09;140
2014-11-10;4869
2014-11-11;5090
2014-11-12;5105
2014-11-13;4776
2014-11-14;4518
2014-11-15;156
2014-11-16;179
2014-11-17;5000
2014-11-18;4712
2014-11-19;4591
2014-11-20;4634
2014-11-21;3977
2014-11-22;107
2014-11-23;128
2014-11-24;4786
2014-11-25;4990
2014-11-26;4744
2014-11-27;4989
2014-11-28;4325
2014-11-29;135
2014-11-30;143
2014-12-01;5143
2014-12-02;5709
2014-12-03;6169
2014-12-04;6274
2014-12-05;6045
2014-12-06;152
2014-12-07;238
2014-12-08;6069
2014-12-09;6794
2014-12-10;6734
2014-12-11;6438
2014-12-12;5962
2014-12-13;232
2014-12-14;252
2014-12-15;7811
2014-12-16;7602
2014-12-17;7718
2014-12-18;7341
2014-12-19;6877
2014-12-20;289
2014-12-21;301
2014-12-22;8752
2014-12-23;9098
2014-12-24;9422
2014-12-25;9600
2014-12-26;9047
2014-12-27;479
2014-12-28;356
2014-12-29;10085
2014-12-30;9597
2014-12-31;2841
2015-01-01;67
2015-01-02;179
2015-01-03;281
2015-01-04;332
2015-01-05;983
2015-01-06;896
2015-01-07;336
2015-01-08;843
2015-01-09;1047
2015-01-10;528
2015-01-11;632
2015-01-12;13921
2015-01-13;15164
2015-01-14;14982
2015-01-15;14810
2015-01-16;14913
2015-01-17;1388
2015-01-18;1141
2015-01-19;17052
2015-01-20;15997
2015-01-21;10626
2015-01-22;10322
2015-01-23;10444
2015-01-24;825
2015-01-25;567
2015-01-26;10070
2015-01-27;6014
2015-01-28;5744
2015-01-29;5407
2015-01-30;5159
2015-01-31;223
2015-02-01;186
2015-02-02;4978
2015-02-03;5201
2015-02-04;5301
2015-02-05;5487
2015-02-06;5170
2015-02-07;189
2015-02-08;160
2015-02-09;6258
2015-02-10;6311
2015-02-11;6103
2015-02-12;5963
2015-02-13;5607
2015-02-14;294
2015-02-15;198
2015-02-16;6237
2015-02-17;6475
2015-02-18;6098
2015-02-19;5807
2015-02-20;4755
2015-02-21;168
2015-02-22;92
2015-02-23;183
2015-02-24;5558
2015-02-25;5954
2015-02-26;6314
2015-02-27;5991
2015-02-28;226
2015-03-01;243
2015-03-02;6563
2015-03-03;6949
2015-03-04;6443
2015-03-05;6665
2015-03-06;5081
2015-03-07;132
2015-03-08;62
2015-03-09;221
2015-03-10;6677
2015-03-11;6806
2015-03-12;6576
2015-03-13;6138
2015-03-14;302
2015-03-15;255
2015-03-16;6847
2015-03-17;7079
2015-03-18;7281
2015-03-19;7114
2015-03-20;6666
2015-03-21;365
2015-03-22;305
2015-03-23;7559
2015-03-24;7841
2015-03-25;8053
2015-03-26;7949
2015-03-27;7952
2015-03-28;450
2015-03-29;433
2015-03-30;8060
2015-03-31;7630
2015-04-01;6557
2015-04-02;6564
2015-04-03;6062
2015-04-04;287
2015-04-05;297
2015-04-06;7364
2015-04-07;7994
2015-04-08;8427
2015-04-09;8474
2015-04-10;8552
2015-04-11;597
2015-04-12;249
2015-04-13;8844
2015-04-14;10059
2015-04-15;9986
2015-04-16;9841
2015-04-17;9847
2015-04-18;920
2015-04-19;589
2015-04-20;10139
2015-04-21;7750
2015-04-22;8227
2015-04-23;8237
2015-04-24;8133
2015-04-25;647
2015-04-26;371
2015-04-27;8164
2015-04-28;5179
2015-04-29;4478
2015-04-30;3737
2015-05-01;72
2015-05-02;55
2015-05-03;50
2015-05-04;101
2015-05-05;3369
2015-05-06;3615
2015-05-07;3672
2015-05-08;3148
2015-05-09;20
2015-05-10;50
2015-05-11;119
2015-05-12;3883
2015-05-13;3956
2015-05-14;4042
2015-05-15;3646
2015-05-16;93
2015-05-17;99
2015-05-18;4525
2015-05-19;4790
2015-05-20;4820
2015-05-21;3921
2015-05-22;3735
2015-05-23;60
2015-05-24;48
2015-05-25;3923
2015-05-26;4044
2015-05-27;3885
2015-05-28;3557
2015-05-29;3008
2015-05-30;79
2015-05-31;62
2015-06-01;3009
2015-06-02;3410
2015-06-03;3370
2015-06-04;3554
2015-06-05;3142
2015-06-06;67
2015-06-07;48
2015-06-08;3511
2015-06-09;3869
2015-06-10;3651
2015-06-11;3412
2015-06-12;89
2015-06-13;66
2015-06-14;76
2015-06-15;3785
2015-06-16;4029
2015-06-17;4326
2015-06-18;4019
2015-06-19;3697
2015-06-20;116
2015-06-21;109
2015-06-22;4472
2015-06-23;4544
2015-06-24;4826
2015-06-25;5037
2015-06-26;4494
2015-06-27;126
2015-06-28;185
2015-06-29;4922
2015-06-30;5450
2015-07-01;5694
2015-07-02;5984
2015-07-03;5343
2015-07-04;196
2015-07-05;176
2015-07-06;6312
2015-07-07;6796
2015-07-08;6849
2015-07-09;6874
2015-07-10;7468
2015-07-11;290
2015-07-12;271
2015-07-13;7458
2015-07-14;7955
2015-07-15;7964
2015-07-16;7990
2015-07-17;7129
2015-07-18;547
2015-07-19;364
2015-07-20;7938
2015-07-21;6228
2015-07-22;6036
2015-07-23;6285
2015-07-24;6454
2015-07-25;403
2015-07-26;260
2015-07-27;6573
2015-07-28;3912
2015-07-29;3293
2015-07-30;3280
2015-07-31;2617
2015-08-01;86
2015-08-02;69
2015-08-03;3257
2015-08-04;3753
2015-08-05;3483
2015-08-06;3428
2015-08-07;3581
2015-08-08;84
2015-08-09;90
2015-08-10;3618
2015-08-11;3726
2015-08-12;3936
2015-08-13;3423
2015-08-14;3165
2015-08-15;79
2015-08-16;67
2015-08-17;3205
2015-08-18;3673
2015-08-19;3382
2015-08-20;3440
2015-08-21;2628
2015-08-22;53
2015-08-23;59
2015-08-24;3135
2015-08-25;3433
2015-08-26;3276
2015-08-27;3061
2015-08-28;2671
2015-08-29;144
2015-08-30;88
2015-08-31;3096
2015-09-01;3065
2015-09-02;3566
2015-09-03;3653
2015-09-04;3358
2015-09-05;107
2015-09-06;70
2015-09-07;3831
2015-09-08;3953
2015-09-09;3866
2015-09-10;3992
2015-09-11;3523
2015-09-12;126
2015-09-13;88
2015-09-14;4087
2015-09-15;4405
2015-09-16;4359
2015-09-17;4377
2015-09-18;4011
2015-09-19;114
2015-09-20;123
2015-09-21;4685
2015-09-22;4885
2015-09-23;4856
2015-09-24;4947
2015-09-25;4658
2015-09-26;180
2015-09-27;144
2015-09-28;5659
2015-09-29;5723
2015-09-30;5654
2015-10-01;6101
2015-10-02;5764
2015-10-03;248
2015-10-04;223
2015-10-05;6392
2015-10-06;7221
2015-10-07;7894
2015-10-08;7557
2015-10-09;7134
2015-10-10;376
2015-10-11;324
2015-10-12;8139
2015-10-13;9035
2015-10-14;8442
2015-10-15;8672
2015-10-16;8409
2015-10-17;620
2015-10-18;517
2015-10-19;9895
2015-10-20;9816
2015-10-21;7029
2015-10-22;6985
2015-10-23;7451
2015-10-24;497
2015-10-25;367
2015-10-26;7752
2015-10-27;4952
2015-10-28;4913
2015-10-29;4243
2015-10-30;4189
2015-10-31;102
2015-11-01;108
2015-11-02;4203
2015-11-03;4411
2015-11-04;189
2015-11-05;4417
2015-11-06;3980
2015-11-07;157
2015-11-08;100
2015-11-09;4359
2015-11-10;4414
2015-11-11;4514
2015-11-12;4441
2015-11-13;4264
2015-11-14;168
2015-11-15;139
2015-11-16;4624
2015-11-17;4749
2015-11-18;4773
2015-11-19;4800
2015-11-20;4510
2015-11-21;153
2015-11-22;134
2015-11-23;4760
2015-11-24;4807
2015-11-25;4833
2015-11-26;4978
2015-11-27;4808
2015-11-28;231
2015-11-29;149
2015-11-30;5473
2015-12-01;5569
2015-12-02;6126
2015-12-03;6148
2015-12-04;5926
2015-12-05;718
2015-12-06;324
2015-12-07;7032
2015-12-08;8169
2015-12-09;8082
2015-12-10;7908
2015-12-11;7903
2015-12-12;610
2015-12-13;553
2015-12-14;9149
2015-12-15;9672
2015-12-16;9208
2015-12-17;9321
2015-12-18;9097
2015-12-19;1078
2015-12-20;642
2015-12-21;11290
2015-12-22;11767
2015-12-23;12128
2015-12-24;12634
2015-12-25;11814
2015-12-26;1553
2015-12-27;1133
2015-12-28;13318
2015-12-29;13605
2015-12-30;11746
2015-12-31;4236
2016-01-01;200
2016-01-02;482
2016-01-03;713
2016-01-04;1628
2016-01-05;1625
2016-01-06;1178
2016-01-07;402
2016-01-08;964
2016-01-09;623
2016-01-10;673
2016-01-11;13004
2016-01-12;13179
2016-01-13;13812
2016-01-14;14298
2016-01-15;14270
2016-01-16;1423
2016-01-17;962
2016-01-18;16336
2016-01-19;16928
2016-01-20;16260
2016-01-21;11402
2016-01-22;11607
2016-01-23;995
2016-01-24;679
2016-01-25;13080
2016-01-26;7972
2016-01-27;7236
2016-01-28;6997
2016-01-29;6232
2016-01-30;393
2016-01-31;328
2016-02-01;6811
2016-02-02;7150
2016-02-03;7284
2016-02-04;7333
2016-02-05;6418
2016-02-06;654
2016-02-07;575
2016-02-08;7918
2016-02-09;7724
2016-02-10;7748
2016-02-11;7523
2016-02-12;7024
2016-02-13;410
2016-02-14;364
2016-02-15;8916
2016-02-16;9105
2016-02-17;8189
2016-02-18;7199
2016-02-19;7243
2016-02-20;4903
2016-02-21;279
2016-02-22;350
2016-02-23;266
2016-02-24;7237
2016-02-25;7338
2016-02-26;6818
2016-02-27;493
2016-02-28;394
2016-02-29;7376
2016-03-01;7501
2016-03-02;7284
2016-03-03;7358
2016-03-04;5538
2016-03-05;390
2016-03-06;215
2016-03-07;285
2016-03-08;218
2016-03-09;7789
2016-03-10;8418
2016-03-11;7973
2016-03-12;665
2016-03-13;469
2016-03-14;9082
2016-03-15;9030
2016-03-16;9245
2016-03-17;9421
2016-03-18;8587
2016-03-19;794
2016-03-20;696
2016-03-21;9711
2016-03-22;9922
2016-03-23;9906
2016-03-24;10603
2016-03-25;9689
2016-03-26;904
2016-03-27;710
2016-03-28;10681
2016-03-29;10626
2016-03-30;10728
2016-03-31;9512
2016-04-01;7799
2016-04-02;604
2016-04-03;455
2016-04-04;8278
2016-04-05;9248
2016-04-06;9344
2016-04-07;9427
2016-04-08;8980
2016-04-09;625
2016-04-10;572
2016-04-11;10925
2016-04-12;11312
2016-04-13;11789
2016-04-14;11783
2016-04-15;11753
2016-04-16;919
2016-04-17;782
2016-04-18;13221
2016-04-19;14272
2016-04-20;13807
2016-04-21;11029
2016-04-22;10956
2016-04-23;796
2016-04-24;731
2016-04-25;12199
2016-04-26;8086
2016-04-27;7726
2016-04-28;7880
2016-04-29;6863
2016-04-30;333
2016-05-01;137
2016-05-02;260
2016-05-03;488
2016-05-04;7331
2016-05-05;6948
2016-05-06;6164
2016-05-07;264
2016-05-08;194
2016-05-09;248
2016-05-10;7263
2016-05-11;7741
2016-05-12;7557
2016-05-13;7270
2016-05-14;360
2016-05-15;288
2016-05-16;5991
2016-05-17;6362
2016-05-18;6276
2016-05-19;5866
2016-05-20;5454
2016-05-21;206
2016-05-22;173
2016-05-23;5407
2016-05-24;5851
2016-05-25;5510
2016-05-26;5510
2016-05-27;5239
2016-05-28;361
2016-05-29;188
2016-05-30;5736
2016-05-31;5954
2016-06-01;7114
2016-06-02;6244
2016-06-03;6019
2016-06-04;292
2016-06-05;308
2016-06-06;7019
2016-06-07;7467
2016-06-08;7546
2016-06-09;7452
2016-06-10;6289
2016-06-11;263
2016-06-12;133
2016-06-13;336
2016-06-14;5753
2016-06-15;6113
2016-06-16;6365
2016-06-17;5639
2016-06-18;307
2016-06-19;222
2016-06-20;6277
2016-06-21;6236
2016-06-22;6474
2016-06-23;6390
2016-06-24;5784
2016-06-25;278
2016-06-26;230
2016-06-27;6705
2016-06-28;7293
2016-06-29;7565
2016-06-30;7426
2016-07-01;6685
2016-07-02;407
2016-07-03;503
2016-07-04;8263
2016-07-05;8522
2016-07-06;9266
2016-07-07;9748
2016-07-08;8722
2016-07-09;572
2016-07-10;490
2016-07-11;9543
2016-07-12;8445
2016-07-13;8179
2016-07-14;8343
2016-07-15;7248
2016-07-16;603
2016-07-17;392
2016-07-18;7941
2016-07-19;9723
2016-07-20;9484
2016-07-21;7508
2016-07-22;7574
2016-07-23;514
2016-07-24;521
2016-07-25;8872
2016-07-26;5136
2016-07-27;5015
2016-07-28;4920
2016-07-29;4185
2016-07-30;199
2016-07-31;196
2016-08-01;4789
2016-08-02;4700
2016-08-03;5045
2016-08-04;5264
2016-08-05;5144
2016-08-06;172
2016-08-07;152
2016-08-08;5627
2016-08-09;5448
2016-08-10;5245
2016-08-11;4891
2016-08-12;4574
2016-08-13;148
2016-08-14;159
2016-08-15;4583
2016-08-16;4780
2016-08-17;4695
2016-08-18;4615
2016-08-19;4328
2016-08-20;165
2016-08-21;184
2016-08-22;4725
2016-08-23;4378
2016-08-24;4476
2016-08-25;4198
2016-08-26;3861
2016-08-27;151
2016-08-28;207
2016-08-29;4745
2016-08-30;4379
2016-08-31;4726
2016-09-01;4442
2016-09-02;4566
2016-09-03;207
2016-09-04;192
2016-09-05;5249
2016-09-06;5604
2016-09-07;5808
2016-09-08;5686
2016-09-09;5540
2016-09-10;253
2016-09-11;232
2016-09-12;5198
2016-09-13;5263
2016-09-14;5028
2016-09-15;4890
2016-09-16;4560
2016-09-17;202
2016-09-18;184
2016-09-19;5119
2016-09-20;5585
2016-09-21;5565
2016-09-22;5938
2016-09-23;5134
2016-09-24;232
2016-09-25;202
2016-09-26;6336
2016-09-27;6609
2016-09-28;7008
2016-09-29;7018
2016-09-30;6675
2016-10-01;320
2016-10-02;309
2016-10-03;7293
2016-10-04;8387
2016-10-05;10083
2016-10-06;9561
2016-10-07;9438
2016-10-08;571
2016-10-09;555
2016-10-10;10014
2016-10-11;8350
2016-10-12;7962
2016-10-13;8161
2016-10-14;7502
2016-10-15;629
2016-10-16;465
2016-10-17;8718
2016-10-18;9232
2016-10-19;9605
2016-10-20;9582
2016-10-21;7858
2016-10-22;620
2016-10-23;485
2016-10-24;9377
2016-10-25;10178
2016-10-26;6054
2016-10-27;5618
2016-10-28;5127
2016-10-29;322
2016-10-30;216
2016-10-31;5321
2016-11-01;5438
2016-11-02;5864
2016-11-03;5716
2016-11-04;267
2016-11-05;187
2016-11-06;249
2016-11-07;6234
2016-11-08;6575
2016-11-09;6866
2016-11-10;6700
2016-11-11;5897
2016-11-12;273
2016-11-13;204
2016-11-14;6499
2016-11-15;6956
2016-11-16;6785
2016-11-17;7030
2016-11-18;6682
2016-11-19;255
2016-11-20;221
2016-11-21;6842
2016-11-22;5711
2016-11-23;5981
2016-11-24;5837
2016-11-25;5494
2016-11-26;315
2016-11-27;280
2016-11-28;6220
2016-11-29;6340
2016-11-30;6383
2016-12-01;6110
2016-12-02;6620
2016-12-03;393
2016-12-04;295
2016-12-05;7458
2016-12-06;7804
2016-12-07;8233
2016-12-08;8156
2016-12-09;7561
2016-12-10;409
2016-12-11;371
2016-12-12;7717
2016-12-13;7399
2016-12-14;7438
2016-12-15;7349
2016-12-16;6724
2016-12-17;382
2016-12-18;367
2016-12-19;7581
2016-12-20;7684
2016-12-21;7903
2016-12-22;8579
2016-12-23;7613
2016-12-24;436
2016-12-25;340
2016-12-26;8983
2016-12-27;9142
2016-12-28;9157
2016-12-29;8750
2016-12-30;6007
2016-12-31;274
2017-01-01;81
2017-01-02;220
2017-01-03;308
2017-01-04;568
2017-01-05;681
2017-01-06;606
2017-01-07;295
2017-01-08;531
2017-01-09;10373
2017-01-10;11055
2017-01-11;11157
2017-01-12;11455
2017-01-13;11508
2017-01-14;931
2017-01-15;645
2017-01-16;12415
2017-01-17;11888
2017-01-18;12979
2017-01-19;12782
2017-01-20;12576
2017-01-21;738
2017-01-22;522
2017-01-23;10522
2017-01-24;12003
2017-01-25;11859
2017-01-26;7583
2017-01-27;6800
2017-01-28;468
2017-01-29;406
2017-01-30;7108
2017-01-31;7209
2017-02-01;8093
2017-02-02;8186
2017-02-03;8019
2017-02-04;397
2017-02-05;377
2017-02-06;8319
2017-02-07;7751
2017-02-08;8046
2017-02-09;8118
2017-02-10;7960
2017-02-11;473
2017-02-12;434
2017-02-13;9084
2017-02-14;8951
2017-02-15;9116
2017-02-16;8326
2017-02-17;7901
2017-02-18;495
2017-02-19;528
2017-02-20;8891
2017-02-21;8143
2017-02-22;7374
2017-02-23;362
2017-02-24;393
2017-02-25;318
2017-02-26;420
2017-02-27;8853
2017-02-28;8808
2017-03-01;9078
2017-03-02;9303
2017-03-03;8788
2017-03-04;656
2017-03-05;548
2017-03-06;9448
2017-03-07;7217
2017-03-08;495
2017-03-09;9999
2017-03-10;10085
2017-03-11;698
2017-03-12;619
2017-03-13;11314
2017-03-14;11454
2017-03-15;11521
2017-03-16;10977
2017-03-17;9822
2017-03-18;694
2017-03-19;595
2017-03-20;11150
2017-03-21;11766
2017-03-22;11677
2017-03-23;11052
2017-03-24;10864
2017-03-25;866
2017-03-26;784
2017-03-27;12249
2017-03-28;12770
2017-03-29;11905
2017-03-30;11949
2017-03-31;10669
2017-04-01;895
2017-04-02;561
2017-04-03;10479
2017-04-04;10638
2017-04-05;10929
2017-04-06;10984
2017-04-07;10643
2017-04-08;844
2017-04-09;651
2017-04-10;11699
2017-04-11;12820
2017-04-12;12986
2017-04-13;12345
2017-04-14;12069
2017-04-15;1220
2017-04-16;566
2017-04-17;12787
2017-04-18;12725
2017-04-19;12962
2017-04-20;13339
2017-04-21;11235
2017-04-22;855
2017-04-23;674
2017-04-24;13552
2017-04-25;13248
2017-04-26;9528
2017-04-27;9540
2017-04-28;8549
2017-04-29;571
2017-04-30;441
2017-05-01;464
2017-05-02;8979
2017-05-03;8478
2017-05-04;9254
2017-05-05;8510
2017-05-06;475
2017-05-07;280
2017-05-08;362
2017-05-09;346
2017-05-10;9219
2017-05-11;9988
2017-05-12;9040
2017-05-13;571
2017-05-14;495
2017-05-15;9121
2017-05-16;8037
2017-05-17;8393
2017-05-18;7770
2017-05-19;6601
2017-05-20;407
2017-05-21;362
2017-05-22;7863
2017-05-23;7590
2017-05-24;7624
2017-05-25;7379
2017-05-26;6481
2017-05-27;472
2017-05-28;278
2017-05-29;7617
2017-05-30;7960
2017-05-31;7657
2017-06-01;7825
2017-06-02;7317
2017-06-03;479
2017-06-04;414
2017-06-05;8274
2017-06-06;8974
2017-06-07;8922
2017-06-08;8926
2017-06-09;7757
2017-06-10;462
2017-06-11;366
2017-06-12;577
2017-06-13;9466
2017-06-14;9695
2017-06-15;9483
2017-06-16;7542
2017-06-17;477
2017-06-18;350
2017-06-19;8093
2017-06-20;8966
2017-06-21;9027
2017-06-22;8671
2017-06-23;7924
2017-06-24;493
2017-06-25;436
2017-06-26;8605
2017-06-27;9708
2017-06-28;9442
2017-06-29;9215
2017-06-30;8288
2017-07-01;644
2017-07-02;463
2017-07-03;9268
2017-07-04;10267
2017-07-05;10308
2017-07-06;10459
2017-07-07;9773
2017-07-08;691
2017-07-09;597
2017-07-10;11047
2017-07-11;11449
2017-07-12;11168
2017-07-13;10901
2017-07-14;10486
2017-07-15;777
2017-07-16;607
2017-07-17;11173
2017-07-18;10921
2017-07-19;10943
2017-07-20;10917
2017-07-21;8899
2017-07-22;575
2017-07-23;560
2017-07-24;10832
2017-07-25;12483
2017-07-26;7974
2017-07-27;7977
2017-07-28;7036
2017-07-29;361
2017-07-30;347
2017-07-31;7639
2017-08-01;7207
2017-08-02;7074
2017-08-03;7243
2017-08-04;6234
2017-08-05;388
2017-08-06;294
2017-08-07;7346
2017-08-08;7174
2017-08-09;7527
2017-08-10;7196
2017-08-11;6302
2017-08-12;393
2017-08-13;299
2017-08-14;7653
2017-08-15;7682
2017-08-16;6570
2017-08-17;6395
2017-08-18;5796
2017-08-19;316
2017-08-20;285
2017-08-21;7159
2017-08-22;7546
2017-08-23;7141
2017-08-24;7279
2017-08-25;6442
2017-08-26;305
2017-08-27;271
2017-08-28;7203
2017-08-29;7346
2017-08-30;7133
2017-08-31;6794
2017-09-01;5873
2017-09-02;350
2017-09-03;348
2017-09-04;7799
2017-09-05;8326
2017-09-06;8479
2017-09-07;8602
2017-09-08;7388
2017-09-09;468
2017-09-10;358
2017-09-11;8864
2017-09-12;8871
2017-09-13;9014
2017-09-14;8724
2017-09-15;8313
2017-09-16;307
2017-09-17;275
2017-09-18;7811
2017-09-19;7468
2017-09-20;7723
2017-09-21;7859
2017-09-22;6708
2017-09-23;414
2017-09-24;314
2017-09-25;7737
2017-09-26;8350
2017-09-27;8714
2017-09-28;8444
2017-09-29;7699
2017-09-30;429
2017-10-01;428
2017-10-02;9418
2017-10-03;9717
2017-10-04;9958
2017-10-05;10146
2017-10-06;9478
2017-10-07;636
2017-10-08;547
2017-10-09;10804
2017-10-10;10845
2017-10-11;10629
2017-10-12;11381
2017-10-13;10745
2017-10-14;732
2017-10-15;575
2017-10-16;11778
2017-10-17;10754
2017-10-18;11904
2017-10-19;10919
2017-10-20;11666
2017-10-21;646
2017-10-22;559
2017-10-23;10550
2017-10-24;12910
2017-10-25;12934
2017-10-26;8046
2017-10-27;7662
2017-10-28;579
2017-10-29;401
2017-10-30;9340
2017-10-31;9689
2017-11-01;11146
2017-11-02;12443
2017-11-03;7137
2017-11-04;319
2017-11-05;214
2017-11-06;420
2017-11-07;8563
2017-11-08;8882
2017-11-09;8691
2017-11-10;7606
2017-11-11;498
2017-11-12;395
2017-11-13;9401
2017-11-14;9056
2017-11-15;8886
2017-11-16;8456
2017-11-17;7781
2017-11-18;377
2017-11-19;304
2017-11-20;8809
2017-11-21;8702
2017-11-22;8037
2017-11-23;8462
2017-11-24;7746
2017-11-25;356
2017-11-26;324
2017-11-27;9125
2017-11-28;8844
2017-11-29;8979
2017-11-30;8547
2017-12-01;8756
2017-12-02;454
2017-12-03;442
2017-12-04;9943
2017-12-05;10127
2017-12-06;9785
2017-12-07;10097
2017-12-08;9132
2017-12-09;504
2017-12-10;517
2017-12-11;10568
2017-12-12;10143
2017-12-13;10700
2017-12-14;10886
2017-12-15;10198
2017-12-16;560
2017-12-17;436
2017-12-18;11406
2017-12-19;9996
2017-12-20;10307
2017-12-21;10190
2017-12-22;9547
2017-12-23;543
2017-12-24;535
2017-12-25;11171
2017-12-26;11358
2017-12-27;11267
2017-12-28;10966
2017-12-29;8439
2017-12-30;629
2017-12-31;147
2018-01-01;104
2018-01-02;227
2018-01-03;381
2018-01-04;727
2018-01-05;691
2018-01-06;388
2018-01-07;311
2018-01-08;994
2018-01-09;2721
